{
	"resource_pack_name": "andexdb",
	"texture_name": "atlas.items",
	"texture_data": {
		"giant_stick": {
			"textures": [ "textures/items/giant_stick.png" ]
		},
		"blue_brush": {
			"textures": [ "textures/items/blue_brush.png" ]
		},
		"wide_brush": {
			"textures": [ "textures/items/wide_brush.png" ]
		},
		"invisible": {
			"textures": [ "textures/blocks/friction_block.png" ]
		},
		"gray_outline": {
			"textures": [ "textures/blocks/gray_outline_block_texture.png" ]
		},
		"diamond_blue_up_arrow_transform_template": {
			"textures": [ "textures/items/diamond_blue_up_arrow_transform_template.png" ]
		},
		"diamond_downgrade_transform_template": {
			"textures": [ "textures/items/diamond_downgrade_transform_template.png" ]
		},
		"diamond_red_up_arrow_transform_template": {
			"textures": [ "textures/items/diamond_red_up_arrow_transform_template" ]
		},
		"diamond_red_left_arrow_transform_template": {
			"textures": [ "textures/items/diamond_red_left_arrow_transform_template" ]
		},
		"diamond_red_right_arrow_transform_template": {
			"textures": [ "textures/items/diamond_red_right_arrow_transform_template" ]
		},
		"diamond_green_right_arrow_transform_template": {
			"textures": [ "textures/items/diamond_green_right_arrow_transform_template" ]
		},
		"diamond_green_left_arrow_transform_template": {
			"textures": [ "textures/items/diamond_green_left_arrow_transform_template" ]
		},
		"diamond_green_down_arrow_transform_template": {
			"textures": [ "textures/items/diamond_green_down_arrow_transform_template" ]
		},
		"netherite_downgrade_smithing_template": {
			"textures": [ "textures/items/diamond_green_left_arrow_transform_template" ]
		}
	}
}