{
	"format_version": "1.16.100",
	"minecraft:item": {
		"description": {
			"identifier": "andexdb:command_runner",
			"category": "Commands"
		},
		"components": {
			"minecraft:hand_equipped": true,
			"minecraft:stacked_by_data": true,
			"minecraft:max_stack_size": 64,
			"minecraft:icon": {
				"texture": "stick"
			},
			"minecraft:interact_button": true, 
			"minecraft:hover_text_color": "light_purple", 
			"minecraft:foil": true,/*
			"minecraft:render_offsets": {
				"main_hand": {
					"first_person": {*//*
						"scale": [1.075, 0.125, 1.075]*//*
						"rotation": [90, 0, 0]
					},
					"third_person": {*//*
						"scale": [0.15, 0.25, 0.15],*//*
						"rotation": [60, 0, 60],
						"position": [-2.5, 2.5, 0.5]
					}
				},
				"off_hand": {
					"first_person": {*//*
						"scale": [1.075, 0.125, 1.075]*//*
						"rotation": [90, 0, 0]
					},
					"third_person": {*//*
						"scale": [1.075, 1.125, -1.075]*//*
						"rotation": [90, 0, 0]
					}
				}
			},*/
			"minecraft:display_name": {
				"value": "Command Runner"
			},
			"minecraft:weapon":{
			},
                    	"minecraft:allow_off_hand": true,
                    	"minecraft:enchantable": {
		                "slot": "all", // Can be any of the enchant slot listed below
		                "value": 10
	                }
		}
	}
}