{
   "content" : [
      {
         "path" : "textures/particles/xz_axis_particle_pos1.png"
      },
      {
         "path" : "textures/items/diamond_red_up_arrow_transform_template.png"
      },
      {
         "path" : ".mcattributes"
      },
      {
         "path" : ".zip"
      },
      {
         "path" : "manifest.json"
      },
      {
         "path" : "animations/animation.none.none.none.animation.json"
      },
      {
         "path" : "textures/ui/8Crafter.png"
      },
      {
         "path" : "particles/custom_item_texture_billboard_2.particle.json"
      },
      {
         "path" : "models/blocks/no_bones.geo.json"
      },
      {
         "path" : "blocks.json"
      },
      {
         "path" : "font/glyph_F0.png"
      },
      {
         "path" : "contents.json"
      },
      {
         "path" : "LICENSE.txt"
      },
      {
         "path" : "textures/items/netherite_downgrade_smithing_template.png"
      },
      {
         "path" : "particles/custom_text_glyph_E1_texture_billboard_2.particle.json"
      },
      {
         "path" : "particles/custom_block_texture_billboard_2.particle.json"
      },
      {
         "path" : "pack_icon.png"
      },
      {
         "path" : "particles/block_destruct_2.json"
      },
      {
         "path" : "particles/custom_block_texture_billboard.particle - Copy.json"
      },
      {
         "path" : "particles/custom_block_texture_billboard.particle.json"
      },
      {
         "path" : "particles/custom_item_texture_billboard.particle.json"
      },
      {
         "path" : "textures/items/diamond_green_down_arrow_transform_template.png"
      },
      {
         "path" : "particles/custom_text_ascii_sga_texture_billboard_2.particle.json"
      },
      {
         "path" : "ui/server_form.json"
      },
      {
         "path" : "particles/custom_text_glyph_E0_texture_billboard_2.particle.json"
      },
      {
         "path" : "particles/custom_text_glyph_E3_texture_billboard_2.particle.json"
      },
      {
         "path" : "particles/custom_text_texture_billboard_2.particle.json"
      },
      {
         "path" : "particles/green_cube.json"
      },
      {
         "path" : "texts/en_US.lang"
      },
      {
         "path" : "textures/items/diamond_green_left_arrow_transform_template.png"
      },
      {
         "path" : "textures/blocks/friction_block.png"
      },
      {
         "path" : "textures/blocks/friction_block_2.png"
      },
      {
         "path" : "textures/blocks/gray_outline_block_texture.png"
      },
      {
         "path" : "textures/items/blue_brush.png"
      },
      {
         "path" : "textures/items/diamond_blue_up_arrow_transform_template.png"
      },
      {
         "path" : "textures/items/diamond_downgrade_transform_template.png"
      },
      {
         "path" : "textures/items/diamond_green_right_arrow_transform_template.png"
      },
      {
         "path" : "textures/items/diamond_red_left_arrow_transform_template.png"
      },
      {
         "path" : "textures/items/diamond_red_right_arrow_transform_template.png"
      },
      {
         "path" : "textures/items/giant_stick.png"
      },
      {
         "path" : "ui/settings_screen.json"
      },
      {
         "path" : "textures/items/wide_brush.png"
      },
      {
         "path" : "textures/item_texture.json"
      },
      {
         "path" : "textures/terrain_texture.json"
      }
   ],
   "version" : 1
}
