{
  "namespace": "settings",

  "selector_stack_panel": {
    "modifications": [
      {
        "array_name": "controls",
        "operation": "insert_front",/*
        "control_name": "how_to_play_button@general_section.how_to_play_button",*//*
        "where": {
          "how_to_play_button@general_section.how_to_play_button": {
            "ignored": "$ignore_how_to_play_section",
            "$toggle_group_forced_index": "$how_to_play_index"
          }
        },*/
        "value": [
          {
            "debug_sticks_guide_button@settings.debug_sticks_guide_button": {
              "$toggle_group_forced_index": 505
            }
          }
        ]
      }
    ]
  },

  "section_content_panels": {
    "modifications": [
      {
        "array_name": "controls",
        "operation": "insert_back",/*
        "control_name": "how_to_play_button",*//*
        "where": {
          "how_to_play_button@general_section.how_to_play_button": {}
        },*/
        "value": [
          {
            "debug_sticks_guide_sections": {/*
              "ignored": "$ignore_andexter8_client_section",*/
              "type": "stack_panel",
              "controls": [
                {
                  "debug_sticks_guide_section@settings.debug_sticks_guide_section": {
                    "visible": true
                  }
                }/*,
                {
                  "quick_settings_section@andexter8_client_settings_sections.quick_settings_section": {
                    "visible": true
                  }
                },
                {
                  "general_quick_settings_section@andexter8_client_settings_sections.general_quick_settings_section": {
                    "visible": true
                  }
                }*/
              ]
            }
          }
        ]
      }
    ]
  },

  "debug_sticks_guide_button@settings_common.section_toggle_base": {
      "$toggle_view_binding_name": "debug_sticks_guide_button_toggle",
      "$glyph_texture": "textures/ui/8Crafter",
      "$glyph_color_texture": "textures/items/stick",
      "$glyph_size": [ 16, 16 ],
      "$button_text": "menu.debugSticksGuide",
      "$toggle_property_bag": {
        "#panel_title": "menu.debugSticksGuide2"
      }
    },/*
  
    "subsection_title": {
        "type": "stack_panel",
        "orientation": "vertical",
        "size": [ "100%", "100%c + 10px" ],
        "$text|default": "hi1234as subsection title",
        "controls": [
          {
            "spacer_0": {
              "type": "panel",
              "size": [ "100%", 4 ]
            }
          },
          {
            "sizer_0": {
              "type": "panel",
              "size": [ "100%", "100%c" ],
              "controls": [
                {
                  "title": {
                    "type": "label",
                    "color": "$main_header_text_color",
                    "text_alignment": "center",
                    "anchor_from": "center",
                    "anchor_to": "center",
                    "layer": 3,
                    "text": "$text"
                  }
                }
              ]
            }
          },
          {
            "spacer_1": {
              "type": "panel",
              "size": [ "100%", 2 ]
            }
          },
          {
            "sizer_1": {
              "type": "panel",
              "size": [ "100%", "100%c" ],
              "controls": [
                {
                  "section_divider": {
                    "type": "image",
                    "size": [ "100% - 4px", 1 ],
                    "anchor_from": "center",
                    "anchor_to": "center",
                    "layer": 3,
                    "texture": "textures/ui/list_item_divider_line_light"
                  }
                }
              ]
            }
          }
        ]
      },*/
  
  
    "debug_sticks_guide_section": {
      "type": "stack_panel",
      "size": [ "100%", "100%c" ],
      "anchor_from": "top_left",
      "anchor_to": "top_left",
      "bindings": [
        {
          "binding_type": "view",
          "source_control_name": "debug_sticks_guide_button_toggle",
          "source_property_name": "#toggle_state",
          "target_property_name": "#visible"
        }
      ],
      "controls": [/*
        {
          "debug_sticks_guide_header_text@settings_common.subsection_title": {
            "$text": "§aMain Functions§r"
          }
        },*/
        {
          "paragraph_1@how_to_play_common.paragraph": {
            "$text": "This world/realm/server has the add-on \"8Crafter's Debug Sticks, Chat Ranks, Custom UI, and JavaScript Commands\" installed. (Version: 1.12.0)\nThis add-on adds the debug stick, it also adds chat ranks and custom chat names, it also lets you execute any Script API code with commands, custom UIs, custom chat commands, and so much more.\n§dModBay§r Page: §bhttps://modbay.org/mods/1240-8crafters-debug-sticks.html§r\n§aMCPEDL§r Page (§cNOT UPDATED! To see the most updated information go to the ModBay page.§r): §bhttps://mcpedl.com/8craftersdebugsticks§r\nMy §cYouTube§r Channel: §bhttps://youtube.com/@8crafter§r\nMy Website: §bhttps://sites.google.com/view/8craftermods/home§r"
          }
        }/*,
        { "padding_1@how_to_play_common.padding": {} },
        {
          "header_1@how_to_play_common.header": {
            "$text": "§dScreenshots§r"
          }
        },
        {
          "paragraph_2@how_to_play_common.paragraph": {
            "$text": "You can now take in-game screenshots that can be posted to any realm's server feed from worlds and servers as well instead of just only on realms. You can do this becasue now the screenshot button(image of it below) now always appears in the pause menu even when you are not playing on a realm. "
          }
        },
        {
          "take_screenshot_button@common_buttons.light_glyph_button": {
            "$pressed_button_name": "button.screenshot",
            "$button_tts_header": "key.screenshot",
            "size": [ 24, 24 ],
            "$button_content": "pause.take_screenshot_icon",
            "$pressed_alpha": 0.65,
            "sound_name": "random.screenshot",
            "sound_volume": 1.0,
            "sound_pitch": 1.0
          }
        },
        { "padding_2@how_to_play_common.padding": {} },*//*
        {
          "header_adhoc@how_to_play_common.header": {
            "$text": "andexter8_client.guide.header.adhoc"
          }
        },
        {
          "paragraph_adhoc@how_to_play_common.paragraph_with_icons": {
            "$text": "andexter8_client.guide.text.adhoc"
          }
        },*//*
        {
          "header_2@how_to_play_common.header": {
            "$text": "§dStructure Block Modes"
          }
        },
        {
          "paragraph_2@how_to_play_common.paragraph": {
            "$text": "You can now also set structure blocks to the secret hidden data mode in the structure block mode dropdown, also you can now also import and export .mcstructure files on mobile as well and not just on windows 10 / 11. "
          }
        },
        {
          "andexter8_studios_header_text2@andexter8_client_settings_sections.subsection_title": {
            "$text": "§bOther Functions§r"
          }
        },
        {
          "header_3@how_to_play_common.header": {
            "$text": "andexter8_client.guide.header.3"
          }
        },
        {
          "andexter8_studios_header_text2@andexter8_client_settings_sections.subsection_title": {
            "$text": "§l§cClient §sModes§r"
          }
        },
        {
          "paragraph_3@how_to_play_common.paragraph": {
            "$text": "andexter8_client.guide.text.3"
          }
        },
        { "padding_3@how_to_play_common.padding": {} },
        {
          "andexter8_studios_header_text3@andexter8_client_settings_sections.subsection_title": {
            "$text": "§l§dAll Functional Hidden Menus/Options"
          }
        },
        {
          "paragraph_4@how_to_play_common.paragraph": {
            "$text": "debug_sticks.guide.text.4"
          }
        },
        { "padding_4@how_to_play_common.padding": {} }*/
      ]
    }
}
