{
	"format_version": "1.16.100",
	"minecraft:item": {
		"description": {
			"identifier": "andexdb:diamond_downgrade_smithing_template",
			"category": "Items"
		},
		"components": {
			"minecraft:hand_equipped": false,
			"minecraft:stacked_by_data": true,
			"minecraft:max_stack_size": 64,
			"minecraft:icon": {
				"texture": "diamond_downgrade_transform_template"
			},
			"minecraft:display_name": {
				"value": "Diamond Downgrade Smithing Template"
			},
			"minecraft:record": {
				"duration": 10.0,
				"sound_event": "place",
				"comparator_signal": 12
			},
			"tag:minecraft:transform_templates": {},/*
			"minecraft:can_destroy_in_creative": true,*/
            "minecraft:creative_category": {
		        "parent": "itemGroup.name.smithing_templates" // Can be any creative category
	        },
            "minecraft:allow_off_hand": true,
            "minecraft:enchantable": {
		        "slot": "all", // Can be any of the enchant slot listed below
		        "value": 214748364
	        }
		}
	}
}