{
   "content" : [
      {
         "path" : ".mcattributes"
      },
      {
         "path" : "scripts/RaycastingTests.js"
      },
      {
         "path" : "structures/BlockTests/dispenser_light_candles.mcstructure"
      },
      {
         "path" : "functions/andexdbaddonsystemrun.mcfunction"
      },
      {
         "path" : "desktop.ini"
      },
      {
         "path" : "scripts/WaterPathfindingTests.js"
      },
      {
         "path" : "node_modules/@minecraft/math/lib/general/index.js"
      },
      {
         "path" : "node_modules/react/LICENSE"
      },
      {
         "path" : "scripts/AllayTests.js"
      },
      {
         "path" : "node_modules/@minecraft/common/README.md"
      },
      {
         "path" : "node_modules/@minecraft/vanilla-data/package.json"
      },
      {
         "path" : "app.jsx"
      },
      {
         "path" : "structures/MinecartTests/water_slowdown.mcstructure"
      },
      {
         "path" : "structures/RedstoneTests/subtractor_logic.mcstructure"
      },
      {
         "path" : "contents.json"
      },
      {
         "path" : "items/debug_screen.json"
      },
      {
         "path" : "items/entity_controller.json"
      },
      {
         "path" : "items/entity_debug_stick.json"
      },
      {
         "path" : "dialogue/scene.json"
      },
      {
         "path" : "items/command_runner.json"
      },
      {
         "path" : "node_modules/@minecraft/server-ui/node_modules/@minecraft/server/package.json"
      },
      {
         "path" : "structures/DripstoneTests/stalagmite_hurt.mcstructure"
      },
      {
         "path" : "items/debug_stick.json"
      },
      {
         "path" : "recipes/smithing_table/55turtle_helmet.json"
      },
      {
         "path" : "structures/BlockTests/concrete_pops_off_waterlogged_chest.mcstructure"
      },
      {
         "path" : "structures/VibrationTests/event_hit_ground_wool.mcstructure"
      },
      {
         "path" : "items/debug_stick_b.json"
      },
      {
         "path" : "node_modules/js-tokens/README.md"
      },
      {
         "path" : "node_modules/@minecraft/debug-utilities/node_modules/@minecraft/server/.eslintrc.json"
      },
      {
         "path" : "items/debug_stick_c.json"
      },
      {
         "path" : "structures/VibrationTests/event_explode.mcstructure"
      },
      {
         "path" : "items/debug_stick_ui.json"
      },
      {
         "path" : "structures/RaycastingTests/get_block_from_vector.mcstructure"
      },
      {
         "path" : "items/diamond_downgrade_smithing_template.json"
      },
      {
         "path" : "structures/MinecartTests/water_slowdown_tnt_cart.mcstructure"
      },
      {
         "path" : "node_modules/react-dom/server.node.js"
      },
      {
         "path" : "node_modules/@minecraft/debug-utilities/node_modules/@minecraft/server/index.d.ts"
      },
      {
         "path" : "items/inventory_controller.json"
      },
      {
         "path" : "structures/DispenserTests/dispenser_chest_on_llama.mcstructure"
      },
      {
         "path" : "structures/VibrationTests/detection_radius.mcstructure"
      },
      {
         "path" : "node_modules/@esbuild/win32-x64/README.md"
      },
      {
         "path" : "structures/FlyingMachineTests/machine_f.mcstructure"
      },
      {
         "path" : "structures/PistonTests/honey_block_entity_drag_down.mcstructure"
      },
      {
         "path" : "node_modules/@minecraft/math/lib/vector3/vectorWrapper.js"
      },
      {
         "path" : "recipes/smithing_table/5wooden_sword.json"
      },
      {
         "path" : "structures/VibrationTests/event_projectile_shoot.mcstructure"
      },
      {
         "path" : "structures/VibrationTests/event_entity_move_dampening.mcstructure"
      },
      {
         "path" : "structures/PistonTests/observer_retraction_timing.mcstructure"
      },
      {
         "path" : "items/liquid_clipped_debug_stick.json"
      },
      {
         "path" : "node_modules/@minecraft/common/.eslintrc.json"
      },
      {
         "path" : "structures/FrogTests/cold_frog_magmacube_drop_verdant.mcstructure"
      },
      {
         "path" : "items/player_controller.json"
      },
      {
         "path" : "node_modules/.bin/loose-envify"
      },
      {
         "path" : "items/player_debug_stick.json"
      },
      {
         "path" : "structures/AllayTests/allay_pickup_item.mcstructure"
      },
      {
         "path" : "node_modules/@minecraft/math/api-report/math.api.md"
      },
      {
         "path" : "recipes/smithing_table/3leather_tunic.json"
      },
      {
         "path" : "structures/SculkTests/spread.mcstructure"
      },
      {
         "path" : "items/script_runner.json"
      },
      {
         "path" : "recipes/smithing_table/39diamond_chestplate.json"
      },
      {
         "path" : "node_modules/.bin/esbuild"
      },
      {
         "path" : "items/selection_menu.json"
      },
      {
         "path" : "items/smithing_table_enchanted_book.json"
      },
      {
         "path" : "structures/FrogTests/frog_eat_slime_drop_slimeball.mcstructure"
      },
      {
         "path" : "structures/APITests/spread_from_face_toward_direction.mcstructure"
      },
      {
         "path" : "structures/SculkTests/charge_forced_direction.mcstructure"
      },
      {
         "path" : "node_modules/@minecraft/math/lib/general/index.js.map"
      },
      {
         "path" : "node_modules/@minecraft/debug-utilities/package.json"
      },
      {
         "path" : "node_modules/@minecraft/math/lib/vector3/index.js.map"
      },
      {
         "path" : "structures/SimulatedPlayerTests/navigate_to_location.mcstructure"
      },
      {
         "path" : "node_modules/@minecraft/debug-utilities/.eslintrc.json"
      },
      {
         "path" : "node_modules/@minecraft/server-admin/index.d.ts"
      },
      {
         "path" : "structures/PathFindingTests/doorway_with_slabs.mcstructure"
      },
      {
         "path" : "structures/DripstoneTests/stalactite_fall.mcstructure"
      },
      {
         "path" : "items/transform_custom_smithing_template.json"
      },
      {
         "path" : "scripts/@minecraft/math.js"
      },
      {
         "path" : "node_modules/@esbuild/win32-x64/package.json"
      },
      {
         "path" : "manifest.json"
      },
      {
         "path" : "recipes/smithing_table/40diamond_helmet.json"
      },
      {
         "path" : "node_modules/.package-lock.json"
      },
      {
         "path" : "node_modules/@minecraft/vanilla-data/lib/mojang-block.d.ts"
      },
      {
         "path" : "structures/SculkTests/spread_path.mcstructure"
      },
      {
         "path" : "node_modules/.bin/esbuild.cmd"
      },
      {
         "path" : "node_modules/react/cjs/react.shared-subset.development.js"
      },
      {
         "path" : "structures/MobTests/small_mobs_breathe_in_boats.mcstructure"
      },
      {
         "path" : "structures/VibrationTests/event_block_close.mcstructure"
      },
      {
         "path" : "node_modules/@minecraft/math/lib/tsdoc-metadata.json"
      },
      {
         "path" : "node_modules/.bin/esbuild.ps1"
      },
      {
         "path" : "scripts/DripstoneTests.js"
      },
      {
         "path" : "node_modules/react-dom/umd/react-dom.development.js"
      },
      {
         "path" : "structures/RedstoneTests/rs_latch_bedrock.mcstructure"
      },
      {
         "path" : "structures/APITests/maybe_fill_cauldron.mcstructure"
      },
      {
         "path" : "node_modules/@minecraft/math/lib/general/clamp.js"
      },
      {
         "path" : "node_modules/@minecraft/vanilla-data/lib/mojang-effect.d.ts"
      },
      {
         "path" : "structures/WardenTests/warden_sniff_and_kill_static_entity.mcstructure"
      },
      {
         "path" : "node_modules/.bin/loose-envify.cmd"
      },
      {
         "path" : "node_modules/.bin/loose-envify.ps1"
      },
      {
         "path" : "node_modules/react-dom/test-utils.js"
      },
      {
         "path" : "structures/TntTests/cannon.mcstructure"
      },
      {
         "path" : "node_modules/@minecraft/math/lib/index.test.js.map"
      },
      {
         "path" : "structures/APITests/create_explosion_advanced.mcstructure"
      },
      {
         "path" : "structures/DoorTests/villagers_cant_pass_closed_iron_door.mcstructure"
      },
      {
         "path" : "node_modules/@esbuild/win32-x64/esbuild.exe"
      },
      {
         "path" : "node_modules/react/jsx-dev-runtime.js"
      },
      {
         "path" : "structures/BlockTests/sand_fall_shulker.mcstructure"
      },
      {
         "path" : "node_modules/@minecraft/common/index.d.ts"
      },
      {
         "path" : "scripts/Main/player_save.js"
      },
      {
         "path" : "structures/DispenserTests/dispenser_horsearmor_on_horse.mcstructure"
      },
      {
         "path" : "node_modules/@minecraft/math/lib/index.js.map"
      },
      {
         "path" : "structures/SculkTests/charge_in_air_disappear.mcstructure"
      },
      {
         "path" : "structures/PistonTests/entity_backside.mcstructure"
      },
      {
         "path" : "node_modules/@minecraft/common/package.json"
      },
      {
         "path" : "node_modules/@minecraft/common/tsconfig.json"
      },
      {
         "path" : "node_modules/@minecraft/server-net/node_modules/@minecraft/server-admin/package.json"
      },
      {
         "path" : "node_modules/@minecraft/math/lib/index.test.js"
      },
      {
         "path" : "recipes/smithing_table/1leather_boots.json"
      },
      {
         "path" : "structures/DispenserTests/dispenser_shears_snowgolem.mcstructure"
      },
      {
         "path" : "node_modules/@minecraft/debug-utilities/index.d.ts"
      },
      {
         "path" : "node_modules/react/cjs/react.production.min.js"
      },
      {
         "path" : "node_modules/scheduler/cjs/scheduler.development.js"
      },
      {
         "path" : "node_modules/@minecraft/debug-utilities/node_modules/@minecraft/server/tests.ts"
      },
      {
         "path" : "structures/DripstoneTests/stalactite_fall_bedrock.mcstructure"
      },
      {
         "path" : "structures/SimulatedPlayerTests/destroy_block_creative.mcstructure"
      },
      {
         "path" : "node_modules/@minecraft/debug-utilities/node_modules/@minecraft/server/package.json"
      },
      {
         "path" : "node_modules/@minecraft/debug-utilities/node_modules/@minecraft/server/README.md"
      },
      {
         "path" : "structures/DoorTests/door_maze.mcstructure"
      },
      {
         "path" : "structures/SculkTests/multiple_catalysts_multiple_deaths.mcstructure"
      },
      {
         "path" : "structures/RaycastingTests/get_entity_from_vector.mcstructure"
      },
      {
         "path" : "structures/DispenserTests/dispenser_saddle_on_horse.mcstructure"
      },
      {
         "path" : "node_modules/@minecraft/debug-utilities/node_modules/@minecraft/server/tsconfig.json"
      },
      {
         "path" : "node_modules/@minecraft/debug-utilities/README.md"
      },
      {
         "path" : "structures/VibrationTests/event_container_close.mcstructure"
      },
      {
         "path" : "node_modules/@minecraft/debug-utilities/tsconfig.json"
      },
      {
         "path" : "node_modules/@minecraft/math/lib/types/math-beta.d.ts"
      },
      {
         "path" : "node_modules/@minecraft/math/dist/minecraft-math.js"
      },
      {
         "path" : "node_modules/@minecraft/math/dist/minecraft-math.js.map"
      },
      {
         "path" : "pack_icon.png"
      },
      {
         "path" : "node_modules/@minecraft/math/lib/index.js"
      },
      {
         "path" : "node_modules/@minecraft/math/lib/general/clamp.js.map"
      },
      {
         "path" : "structures/DispenserTests/dispenser_fire_crash.mcstructure"
      },
      {
         "path" : "node_modules/@minecraft/math/lib/types/math-public.d.ts"
      },
      {
         "path" : "structures/VibrationTests/event_block_destroy.mcstructure"
      },
      {
         "path" : "node_modules/scheduler/cjs/scheduler-unstable_post_task.production.min.js"
      },
      {
         "path" : "node_modules/@minecraft/math/lib/types/math.d.ts"
      },
      {
         "path" : "node_modules/@minecraft/math/lib/vector3/coreHelpers.js"
      },
      {
         "path" : "node_modules/@minecraft/math/lib/vector3/coreHelpers.js.map"
      },
      {
         "path" : "node_modules/react-dom/cjs/react-dom.profiling.min.js"
      },
      {
         "path" : "node_modules/@minecraft/math/lib/vector3/coreHelpers.test.js"
      },
      {
         "path" : "node_modules/@minecraft/math/lib/vector3/coreHelpers.test.js.map"
      },
      {
         "path" : "structures/SculkTests/sculk_growth_spawning.mcstructure"
      },
      {
         "path" : "node_modules/@minecraft/math/lib/vector3/index.js"
      },
      {
         "path" : "recipes/smithing_table/58crossbow.json"
      },
      {
         "path" : "node_modules/@minecraft/math/lib/vector3/vectorWrapper.js.map"
      },
      {
         "path" : "node_modules/@minecraft/math/lib/vector3/vectorWrapper.test.js"
      },
      {
         "path" : "node_modules/@minecraft/math/lib/vector3/vectorWrapper.test.js.map"
      },
      {
         "path" : "structures/MultifaceTests/spread_sideways_within_same_corner.mcstructure"
      },
      {
         "path" : "structures/FlyingMachineTests/m2_bedrock.mcstructure"
      },
      {
         "path" : "node_modules/@minecraft/math/package.json"
      },
      {
         "path" : "node_modules/@minecraft/math/README.md"
      },
      {
         "path" : "node_modules/@minecraft/server/.eslintrc.json"
      },
      {
         "path" : "node_modules/@minecraft/server/index.d.ts"
      },
      {
         "path" : "structures/ComponentTests/aquarium.mcstructure"
      },
      {
         "path" : "structures/DripstoneTests/stalactite_fall_no_dupe.mcstructure"
      },
      {
         "path" : "structures/MultifaceTests/spread_from_air_to_water.mcstructure"
      },
      {
         "path" : "structures/PistonTests/slime_block_pull.mcstructure"
      },
      {
         "path" : "node_modules/@minecraft/server/package.json"
      },
      {
         "path" : "structures/FlyingMachineTests/machine_e.mcstructure"
      },
      {
         "path" : "node_modules/@minecraft/server/README.md"
      },
      {
         "path" : "recipes/smithing_table/diamond_downgrade/44diamond_shovel.json"
      },
      {
         "path" : "structures/PistonTests/redstone_simple_horizontal_bud.mcstructure"
      },
      {
         "path" : "structures/BigMobTests/altitude_change_wall_on_right.mcstructure"
      },
      {
         "path" : "structures/WardenTests/warden_sniff_and_kill_player_before_mob.mcstructure"
      },
      {
         "path" : "node_modules/@minecraft/server/tests.ts"
      },
      {
         "path" : "structures/SimulatedPlayerTests/interact_with_block.mcstructure"
      },
      {
         "path" : "node_modules/@minecraft/server/tsconfig.json"
      },
      {
         "path" : "structures/MobTests/zombie_burn.mcstructure"
      },
      {
         "path" : "node_modules/@minecraft/server-admin/.eslintrc.json"
      },
      {
         "path" : "node_modules/@minecraft/server-admin/package.json"
      },
      {
         "path" : "node_modules/@minecraft/server-admin/tests.ts"
      },
      {
         "path" : "node_modules/react/cjs/react.shared-subset.production.min.js"
      },
      {
         "path" : "structures/APITests/assert_can_reach_location.mcstructure"
      },
      {
         "path" : "node_modules/react-dom/LICENSE"
      },
      {
         "path" : "structures/PistonTests/instant_retraction.mcstructure"
      },
      {
         "path" : "node_modules/@minecraft/server-admin/README.md"
      },
      {
         "path" : "structures/MinecartTests/turn.mcstructure"
      },
      {
         "path" : "node_modules/@minecraft/server-admin/tsconfig.json"
      },
      {
         "path" : "node_modules/@minecraft/server-gametest/.eslintrc.json"
      },
      {
         "path" : "node_modules/@minecraft/server-gametest/index.d.ts"
      },
      {
         "path" : "node_modules/@minecraft/vanilla-data/lib/mojang-item.d.ts"
      },
      {
         "path" : "structures/DuplicationTests/powered_rail_twist.mcstructure"
      },
      {
         "path" : "node_modules/@minecraft/server-gametest/node_modules/@minecraft/server/.eslintrc.json"
      },
      {
         "path" : "node_modules/@minecraft/server-gametest/node_modules/@minecraft/server/index.d.ts"
      },
      {
         "path" : "node_modules/@minecraft/server-gametest/node_modules/@minecraft/server/package.json"
      },
      {
         "path" : "node_modules/react-dom/cjs/react-dom-server.browser.production.min.js"
      },
      {
         "path" : "node_modules/@minecraft/server-gametest/node_modules/@minecraft/server/README.md"
      },
      {
         "path" : "node_modules/@minecraft/server-gametest/node_modules/@minecraft/server/tests.ts"
      },
      {
         "path" : "node_modules/@minecraft/server-gametest/node_modules/@minecraft/server/tsconfig.json"
      },
      {
         "path" : "node_modules/react/README.md"
      },
      {
         "path" : "node_modules/@minecraft/server-ui/node_modules/@minecraft/server/README.md"
      },
      {
         "path" : "node_modules/@minecraft/server-gametest/package.json"
      },
      {
         "path" : "node_modules/@minecraft/server-gametest/README.md"
      },
      {
         "path" : "structures/PathFindingTests/trapdoors_short_mob.mcstructure"
      },
      {
         "path" : "node_modules/@minecraft/server-gametest/tests.ts"
      },
      {
         "path" : "node_modules/@minecraft/server-gametest/tsconfig.json"
      },
      {
         "path" : "node_modules/@minecraft/server-net/tests.ts"
      },
      {
         "path" : "structures/SculkTests/vein_spread_blocks.mcstructure"
      },
      {
         "path" : "node_modules/@minecraft/server-net/.eslintrc.json"
      },
      {
         "path" : "scripts/ExtensionTests.js"
      },
      {
         "path" : "node_modules/@minecraft/server-net/index.d.ts"
      },
      {
         "path" : "node_modules/@minecraft/server-net/node_modules/@minecraft/server-admin/.eslintrc.json"
      },
      {
         "path" : "node_modules/@minecraft/server-net/node_modules/@minecraft/server-admin/index.d.ts"
      },
      {
         "path" : "src/Main/player_save.ts"
      },
      {
         "path" : "structures/WardenTests/warden_despawn.mcstructure"
      },
      {
         "path" : "node_modules/@minecraft/server-net/node_modules/@minecraft/server-admin/README.md"
      },
      {
         "path" : "structures/FrogTests/temperate_frog_magmacube_drop_ochre.mcstructure"
      },
      {
         "path" : "node_modules/@minecraft/server-net/node_modules/@minecraft/server-admin/tests.ts"
      },
      {
         "path" : "structures/RedstoneTests/comparator_logic.mcstructure"
      },
      {
         "path" : "node_modules/@minecraft/server-net/node_modules/@minecraft/server-admin/tsconfig.json"
      },
      {
         "path" : "node_modules/@minecraft/server-net/package.json"
      },
      {
         "path" : "structures/MultifaceTests/spread_within_water.mcstructure"
      },
      {
         "path" : "structures/MultifaceTests/spread_on_flat_wall.mcstructure"
      },
      {
         "path" : "structures/PistonTests/block_leave.mcstructure"
      },
      {
         "path" : "node_modules/@minecraft/server-net/README.md"
      },
      {
         "path" : "node_modules/@minecraft/server-net/tsconfig.json"
      },
      {
         "path" : "node_modules/@minecraft/server-ui/.eslintrc.json"
      },
      {
         "path" : "structures/MobTests/small_mobs_keep_head_above_water.mcstructure"
      },
      {
         "path" : "recipes/smithing_table/diamond_downgrade/41diamond_sword.json"
      },
      {
         "path" : "structures/MinecartTests/water_slowdown_slope_down.mcstructure"
      },
      {
         "path" : "node_modules/@minecraft/server-ui/index.d.ts"
      },
      {
         "path" : "structures/FireAvoidTests/fire_maze_3d.mcstructure"
      },
      {
         "path" : "node_modules/react-dom/umd/react-dom-server-legacy.browser.production.min.js"
      },
      {
         "path" : "node_modules/@minecraft/server-ui/node_modules/@minecraft/server/.eslintrc.json"
      },
      {
         "path" : "node_modules/@minecraft/server-ui/node_modules/@minecraft/server/index.d.ts"
      },
      {
         "path" : "structures/SculkTests/vein_non_place_blocks.mcstructure"
      },
      {
         "path" : "node_modules/@minecraft/server-ui/node_modules/@minecraft/server/tests.ts"
      },
      {
         "path" : "node_modules/@minecraft/server-ui/node_modules/@minecraft/server/tsconfig.json"
      },
      {
         "path" : "structures/BlockTests/turtle_eggs_survive_xp.mcstructure"
      },
      {
         "path" : "structures/VibrationTests/event_projectile_land_wool.mcstructure"
      },
      {
         "path" : "node_modules/@minecraft/server-ui/package.json"
      },
      {
         "path" : "node_modules/@minecraft/server-ui/README.md"
      },
      {
         "path" : "node_modules/@minecraft/server-ui/tsconfig.json"
      },
      {
         "path" : "node_modules/@minecraft/server-ui/tests.ts"
      },
      {
         "path" : "recipes/smithing_table/41diamond_sword.json"
      },
      {
         "path" : "node_modules/@minecraft/vanilla-data/lib/index.d.ts"
      },
      {
         "path" : "structures/DispenserTests/dispenser_shears_mooshroom.mcstructure"
      },
      {
         "path" : "node_modules/@minecraft/vanilla-data/lib/index.js"
      },
      {
         "path" : "node_modules/loose-envify/replace.js"
      },
      {
         "path" : "structures/SimulatedPlayerTests/use_item.mcstructure"
      },
      {
         "path" : "node_modules/@minecraft/vanilla-data/lib/mojang-biome.d.ts"
      },
      {
         "path" : "node_modules/@minecraft/vanilla-data/lib/mojang-cameraPresets.d.ts"
      },
      {
         "path" : "structures/MultifaceTests/break_if_all_supporting_faces_destroyed.mcstructure"
      },
      {
         "path" : "structures/VibrationTests/activation_wool_occlusion.mcstructure"
      },
      {
         "path" : "structures/SculkTests/charge_merging.mcstructure"
      },
      {
         "path" : "node_modules/@minecraft/vanilla-data/lib/mojang-dimension.d.ts"
      },
      {
         "path" : "node_modules/@minecraft/vanilla-data/lib/mojang-enchantment.d.ts"
      },
      {
         "path" : "structures/MultifaceTests/spread_from_wall_around_corner.mcstructure"
      },
      {
         "path" : "node_modules/@minecraft/vanilla-data/lib/mojang-entity.d.ts"
      },
      {
         "path" : "node_modules/react-dom/umd/react-dom-server.browser.development.js"
      },
      {
         "path" : "node_modules/@minecraft/vanilla-data/lib/mojang-feature.d.ts"
      },
      {
         "path" : "structures/APITests/assert_redstone_power.mcstructure"
      },
      {
         "path" : "node_modules/@minecraft/vanilla-data/README.md"
      },
      {
         "path" : "structures/SimulatedPlayerTests/interact.mcstructure"
      },
      {
         "path" : "node_modules/@minecraft/vanilla-data/tsconfig.json"
      },
      {
         "path" : "scripts/TntTests.js"
      },
      {
         "path" : "node_modules/esbuild/bin/esbuild"
      },
      {
         "path" : "structures/SimulatedPlayerTests/interact_with_entity.mcstructure"
      },
      {
         "path" : "node_modules/esbuild/install.js"
      },
      {
         "path" : "structures/DoorTests/four_villagers_one_door.mcstructure"
      },
      {
         "path" : "node_modules/esbuild/lib/main.d.ts"
      },
      {
         "path" : "structures/APITests/grow_pointed_dripstone.mcstructure"
      },
      {
         "path" : "node_modules/esbuild/lib/main.js"
      },
      {
         "path" : "scripts/DebugTests.js"
      },
      {
         "path" : "node_modules/loose-envify/package.json"
      },
      {
         "path" : "node_modules/esbuild/LICENSE.md"
      },
      {
         "path" : "node_modules/esbuild/package.json"
      },
      {
         "path" : "node_modules/esbuild/README.md"
      },
      {
         "path" : "recipes/smithing_table/54netherite_hoe.json"
      },
      {
         "path" : "scripts/BigMobTests.js"
      },
      {
         "path" : "node_modules/js-tokens/CHANGELOG.md"
      },
      {
         "path" : "structures/APITests/walk_to_location_far.mcstructure"
      },
      {
         "path" : "structures/BlockTests/sand_fall_boats.mcstructure"
      },
      {
         "path" : "structures/APITests/vines.mcstructure"
      },
      {
         "path" : "node_modules/js-tokens/index.js"
      },
      {
         "path" : "node_modules/js-tokens/LICENSE"
      },
      {
         "path" : "structures/FlyingMachineTests/m3_bedrock.mcstructure"
      },
      {
         "path" : "structures/TntTests/bedrock_cannon.mcstructure"
      },
      {
         "path" : "node_modules/js-tokens/package.json"
      },
      {
         "path" : "structures/AllayTests/allay_unstucks_from_fence.mcstructure"
      },
      {
         "path" : "structures/MultifaceTests/dont_spread_into_flowing_water.mcstructure"
      },
      {
         "path" : "node_modules/loose-envify/cli.js"
      },
      {
         "path" : "node_modules/loose-envify/custom.js"
      },
      {
         "path" : "node_modules/react/cjs/react.development.js"
      },
      {
         "path" : "node_modules/loose-envify/index.js"
      },
      {
         "path" : "structures/DispenserTests/dispenser_fire.mcstructure"
      },
      {
         "path" : "structures/VibrationTests/event_entity_move_cobweb.mcstructure"
      },
      {
         "path" : "node_modules/loose-envify/LICENSE"
      },
      {
         "path" : "node_modules/react-dom/cjs/react-dom.development.js"
      },
      {
         "path" : "node_modules/loose-envify/loose-envify.js"
      },
      {
         "path" : "structures/VibrationTests/event_entity_move_sneaking.mcstructure"
      },
      {
         "path" : "node_modules/loose-envify/README.md"
      },
      {
         "path" : "node_modules/react/cjs/react-jsx-dev-runtime.development.js"
      },
      {
         "path" : "node_modules/react/cjs/react-jsx-dev-runtime.production.min.js"
      },
      {
         "path" : "structures/MultifaceTests/default_multiface_block_has_all_sides.mcstructure"
      },
      {
         "path" : "node_modules/react/cjs/react-jsx-dev-runtime.profiling.min.js"
      },
      {
         "path" : "node_modules/scheduler/unstable_post_task.js"
      },
      {
         "path" : "node_modules/react-dom/cjs/react-dom-server.browser.development.js"
      },
      {
         "path" : "node_modules/react/cjs/react-jsx-runtime.development.js"
      },
      {
         "path" : "node_modules/react/cjs/react-jsx-runtime.production.min.js"
      },
      {
         "path" : "structures/FireAvoidTests/dont_cut_corner_over_fire.mcstructure"
      },
      {
         "path" : "node_modules/react/cjs/react-jsx-runtime.profiling.min.js"
      },
      {
         "path" : "structures/SmallMobTests/fence_corner.mcstructure"
      },
      {
         "path" : "recipes/smithing_table/diamond_downgrade/38diamond_leggings.json"
      },
      {
         "path" : "node_modules/react/index.js"
      },
      {
         "path" : "node_modules/react/jsx-runtime.js"
      },
      {
         "path" : "structures/APITests/piston.mcstructure"
      },
      {
         "path" : "structures/MobTests/drowning_test.mcstructure"
      },
      {
         "path" : "node_modules/react/package.json"
      },
      {
         "path" : "node_modules/react/react.shared-subset.js"
      },
      {
         "path" : "node_modules/react/umd/react.development.js"
      },
      {
         "path" : "node_modules/react/umd/react.production.min.js"
      },
      {
         "path" : "structures/CommandTests/commands_teleport.mcstructure"
      },
      {
         "path" : "node_modules/react/umd/react.profiling.min.js"
      },
      {
         "path" : "recipes/smithing_table/7wooden_pickaxe.json"
      },
      {
         "path" : "structures/MobTests/silverfish_no_suffocate.mcstructure"
      },
      {
         "path" : "structures/FireAvoidTests/zombie_chase_villager_over_fire.mcstructure"
      },
      {
         "path" : "node_modules/react-dom/cjs/react-dom-server-legacy.browser.development.js"
      },
      {
         "path" : "node_modules/react-dom/cjs/react-dom-server-legacy.browser.production.min.js"
      },
      {
         "path" : "structures/VibrationTests/event_block_change.mcstructure"
      },
      {
         "path" : "node_modules/react-dom/cjs/react-dom-server-legacy.node.development.js"
      },
      {
         "path" : "node_modules/react-dom/cjs/react-dom-server-legacy.node.production.min.js"
      },
      {
         "path" : "structures/MultifaceTests/dont_spread_into_lava.mcstructure"
      },
      {
         "path" : "node_modules/react-dom/cjs/react-dom-server.node.development.js"
      },
      {
         "path" : "structures/DispenserTests/dispenser_shears_sheep.mcstructure"
      },
      {
         "path" : "structures/FrogTests/frog_jump.mcstructure"
      },
      {
         "path" : "node_modules/react-dom/cjs/react-dom-server.node.production.min.js"
      },
      {
         "path" : "structures/SculkTests/charge_decay_sculk.mcstructure"
      },
      {
         "path" : "structures/PistonTests/one_tick_pulse_bedrock.mcstructure"
      },
      {
         "path" : "node_modules/scheduler/index.js"
      },
      {
         "path" : "node_modules/react-dom/cjs/react-dom-test-utils.development.js"
      },
      {
         "path" : "node_modules/react-dom/cjs/react-dom-test-utils.production.min.js"
      },
      {
         "path" : "package.json"
      },
      {
         "path" : "node_modules/react-dom/cjs/react-dom.production.min.js"
      },
      {
         "path" : "structures/PathFindingTests/doorway_with_stairs.mcstructure"
      },
      {
         "path" : "recipes/smithing_table/6wooden_axe.json"
      },
      {
         "path" : "node_modules/react-dom/client.js"
      },
      {
         "path" : "node_modules/react-dom/index.js"
      },
      {
         "path" : "node_modules/react-dom/package.json"
      },
      {
         "path" : "node_modules/react-dom/profiling.js"
      },
      {
         "path" : "structures/RedstoneTests/dust_loop_depowering_bedrock.mcstructure"
      },
      {
         "path" : "structures/PistonTests/quasiconnectivity.mcstructure"
      },
      {
         "path" : "structures/MultifaceTests/spread_on_flat_ceiling.mcstructure"
      },
      {
         "path" : "node_modules/react-dom/README.md"
      },
      {
         "path" : "node_modules/react-dom/server.browser.js"
      },
      {
         "path" : "node_modules/react-dom/server.js"
      },
      {
         "path" : "structures/FireAvoidTests/golem_chase_zombie_over_fire.mcstructure"
      },
      {
         "path" : "structures/VibrationTests/event_block_open.mcstructure"
      },
      {
         "path" : "node_modules/react-dom/umd/react-dom-server-legacy.browser.development.js"
      },
      {
         "path" : "structures/PistonTests/push_limit.mcstructure"
      },
      {
         "path" : "node_modules/react-dom/umd/react-dom-server.browser.production.min.js"
      },
      {
         "path" : "structures/MobTests/effect_durations.mcstructure"
      },
      {
         "path" : "node_modules/react-dom/umd/react-dom-test-utils.development.js"
      },
      {
         "path" : "node_modules/react-dom/umd/react-dom-test-utils.production.min.js"
      },
      {
         "path" : "node_modules/react-dom/umd/react-dom.production.min.js"
      },
      {
         "path" : "node_modules/react-dom/umd/react-dom.profiling.min.js"
      },
      {
         "path" : "node_modules/scheduler/cjs/scheduler-unstable_mock.development.js"
      },
      {
         "path" : "node_modules/scheduler/cjs/scheduler-unstable_mock.production.min.js"
      },
      {
         "path" : "node_modules/scheduler/cjs/scheduler-unstable_post_task.development.js"
      },
      {
         "path" : "node_modules/scheduler/cjs/scheduler.production.min.js"
      },
      {
         "path" : "structures/RedstoneTests/comparator_container.mcstructure"
      },
      {
         "path" : "node_modules/scheduler/LICENSE"
      },
      {
         "path" : "structures/APITests/teleport_keep_velocity_mob.mcstructure"
      },
      {
         "path" : "src/Main/ui.ts"
      },
      {
         "path" : "node_modules/scheduler/package.json"
      },
      {
         "path" : "node_modules/scheduler/README.md"
      },
      {
         "path" : "node_modules/scheduler/umd/scheduler-unstable_mock.development.js"
      },
      {
         "path" : "node_modules/scheduler/umd/scheduler-unstable_mock.production.min.js"
      },
      {
         "path" : "node_modules/scheduler/umd/scheduler.development.js"
      },
      {
         "path" : "node_modules/scheduler/umd/scheduler.production.min.js"
      },
      {
         "path" : "structures/VibrationTests/event_splash.mcstructure"
      },
      {
         "path" : "structures/DispenserTests/dispenser_charge_respawn_anchor.mcstructure"
      },
      {
         "path" : "node_modules/scheduler/umd/scheduler.profiling.min.js"
      },
      {
         "path" : "recipes/smithing_table/diamond_downgrade/39diamond_chestplate.json"
      },
      {
         "path" : "node_modules/scheduler/unstable_mock.js"
      },
      {
         "path" : "package-lock.json"
      },
      {
         "path" : "structures/VibrationTests/event_equip.mcstructure"
      },
      {
         "path" : "recipes/smithing_table/0enchanted_book.json"
      },
      {
         "path" : "recipes/smithing_table/2leather_pants.json"
      },
      {
         "path" : "structures/DebugTests/always_fail.mcstructure"
      },
      {
         "path" : "recipes/smithing_table/37diamond_boots.json"
      },
      {
         "path" : "recipes/smithing_table/38diamond_leggings.json"
      },
      {
         "path" : "structures/VibrationTests/event_entity_move_carpet.mcstructure"
      },
      {
         "path" : "recipes/smithing_table/42diamond_axe.json"
      },
      {
         "path" : "recipes/smithing_table/43diamond_pickaxe.json"
      },
      {
         "path" : "recipes/smithing_table/44diamond_shovel.json"
      },
      {
         "path" : "recipes/smithing_table/45diamond_hoe.json"
      },
      {
         "path" : "recipes/smithing_table/4leather_cap.json"
      },
      {
         "path" : "recipes/smithing_table/56trident.json"
      },
      {
         "path" : "recipes/smithing_table/57bow.json"
      },
      {
         "path" : "recipes/smithing_table/59shield.json"
      },
      {
         "path" : "scripts/ItemEnchantmentsTests.js"
      },
      {
         "path" : "recipes/smithing_table/66arrow.json"
      },
      {
         "path" : "structures/VibrationTests/event_flap_parrot.mcstructure"
      },
      {
         "path" : "recipes/smithing_table/8wooden_shovel.json"
      },
      {
         "path" : "recipes/smithing_table/9wooden_hoe.json"
      },
      {
         "path" : "recipes/smithing_table/diamond_downgrade/37diamond_boots.json"
      },
      {
         "path" : "structures/MinecartTests/water_slowdown_slope_up.mcstructure"
      },
      {
         "path" : "recipes/smithing_table/diamond_downgrade/40diamond_helmet.json"
      },
      {
         "path" : "structures/PistonTests/normal_extend.mcstructure"
      },
      {
         "path" : "recipes/smithing_table/diamond_downgrade/42diamond_axe.json"
      },
      {
         "path" : "recipes/smithing_table/diamond_downgrade/43diamond_pickaxe.json"
      },
      {
         "path" : "recipes/smithing_table/diamond_downgrade/45diamond_hoe.json"
      },
      {
         "path" : "structures/VibrationTests/output_distance.mcstructure"
      },
      {
         "path" : "structures/FlyingMachineTests/machine_g.mcstructure"
      },
      {
         "path" : "scripts/APITests.js"
      },
      {
         "path" : "scripts/BlockEventTests.js"
      },
      {
         "path" : "scripts/BlockTests.js"
      },
      {
         "path" : "scripts/CommandTests.js"
      },
      {
         "path" : "scripts/ComponentTests.js"
      },
      {
         "path" : "scripts/DispenserTests.js"
      },
      {
         "path" : "scripts/DoorTests.js"
      },
      {
         "path" : "scripts/DuplicationTests.js"
      },
      {
         "path" : "scripts/EnchantmentTests.js"
      },
      {
         "path" : "structures/FlyingMachineTests/machine_d.mcstructure"
      },
      {
         "path" : "structures/DispenserTests/dispenser_arrow_trap.mcstructure"
      },
      {
         "path" : "structures/SimulatedPlayerTests/move.mcstructure"
      },
      {
         "path" : "scripts/EntityQueryTests.js"
      },
      {
         "path" : "scripts/EntityTests.js"
      },
      {
         "path" : "scripts/Eval.js"
      },
      {
         "path" : "structures/PathFindingTests/big_obstacle_course.mcstructure"
      },
      {
         "path" : "scripts/FireAvoidTests.js"
      },
      {
         "path" : "scripts/FlyingMachineTests.js"
      },
      {
         "path" : "structures/PistonTests/monostable.mcstructure"
      },
      {
         "path" : "scripts/FrogTests.js"
      },
      {
         "path" : "scripts/GameTestExtensions.js"
      },
      {
         "path" : "structures/SculkTests/spread_to_moving_blocks.mcstructure"
      },
      {
         "path" : "scripts/ironFireSword.ts"
      },
      {
         "path" : "structures/FlyingMachineTests/machine_c.mcstructure"
      },
      {
         "path" : "scripts/ItemTests.js"
      },
      {
         "path" : "structures/MultifaceTests/spread_from_ceiling_around_corner.mcstructure"
      },
      {
         "path" : "scripts/Main/ban.js"
      },
      {
         "path" : "structures/BigMobTests/altitude_change_wall_on_left.mcstructure"
      },
      {
         "path" : "structures/FireAvoidTests/can_walk_around_lava.mcstructure"
      },
      {
         "path" : "scripts/Main/commands.js"
      },
      {
         "path" : "scripts/Main/coordinates.js"
      },
      {
         "path" : "scripts/Main/spawn_protection.js"
      },
      {
         "path" : "structures/SculkTests/spread_stairway_up_unsupported.mcstructure"
      },
      {
         "path" : "scripts/Main/ui.js"
      },
      {
         "path" : "structures/MobTests/mobtests.drowning_test.mcstructure"
      },
      {
         "path" : "structures/DispenserTests/dispenser_saddle_on_pig.mcstructure"
      },
      {
         "path" : "scripts/Main.js"
      },
      {
         "path" : "scripts/MinecartTests.js"
      },
      {
         "path" : "scripts/MobTests.js"
      },
      {
         "path" : "scripts/MultifaceTests.js"
      },
      {
         "path" : "structures/MultifaceTests/dont_spread_toward_opposite_face.mcstructure"
      },
      {
         "path" : "structures/PistonTests/one_tick_pulse.mcstructure"
      },
      {
         "path" : "scripts/PathFindingTests.js"
      },
      {
         "path" : "scripts/PistonTests.js"
      },
      {
         "path" : "structures/SculkTests/spread_pillar_up.mcstructure"
      },
      {
         "path" : "scripts/PlaceSeedsTests.js"
      },
      {
         "path" : "scripts/RedstoneTests.js"
      },
      {
         "path" : "structures/ComponentTests/large_animal_pen.mcstructure"
      },
      {
         "path" : "scripts/RespawnAnchorTests.js"
      },
      {
         "path" : "scripts/SculkTests.js"
      },
      {
         "path" : "scripts/SimulatedPlayerTests.js"
      },
      {
         "path" : "structures/MinecartTests/detector_rail_piston.mcstructure"
      },
      {
         "path" : "scripts/SmallMobTests.js"
      },
      {
         "path" : "scripts/VibrationTests.js"
      },
      {
         "path" : "structures/DispenserTests/dispenser_carpet_on_llama.mcstructure"
      },
      {
         "path" : "structures/DispenserTests/dispenser_minecart.mcstructure"
      },
      {
         "path" : "scripts/WardenTests.js"
      },
      {
         "path" : "src/Main/ban.ts"
      },
      {
         "path" : "src/Main/commands.ts"
      },
      {
         "path" : "structures/APITests/connectivity.mcstructure"
      },
      {
         "path" : "src/Main/coordinates.ts"
      },
      {
         "path" : "src/Main/Math.js"
      },
      {
         "path" : "structures/PistonTests/instant_repeater.mcstructure"
      },
      {
         "path" : "src/Main/spawn_protection.ts"
      },
      {
         "path" : "src/Main.ts"
      },
      {
         "path" : "src2/SimulatedPlayerTests.ts"
      },
      {
         "path" : "structures/AllayTests/allay_unstucks_from_lantern.mcstructure"
      },
      {
         "path" : "structures/RedstoneTests/repeater_delay_lines.mcstructure"
      },
      {
         "path" : "structures/FlyingMachineTests/machine_b.mcstructure"
      },
      {
         "path" : "structures/andexdb/moreitems.mcstructure"
      },
      {
         "path" : "structures/APITests/armor_stand.mcstructure"
      },
      {
         "path" : "structures/APITests/assert_entity_present.mcstructure"
      },
      {
         "path" : "structures/PathFindingTests/trapdoors.mcstructure"
      },
      {
         "path" : "structures/APITests/assert_is_waterlogged.mcstructure"
      },
      {
         "path" : "structures/MinecartTests/water_slowdown_vertical.mcstructure"
      },
      {
         "path" : "structures/PistonTests/sticky_extend.mcstructure"
      },
      {
         "path" : "structures/APITests/assert_item_entity_count_is.mcstructure"
      },
      {
         "path" : "structures/DuplicationTests/rail_classic.mcstructure"
      },
      {
         "path" : "structures/APITests/cauldron.mcstructure"
      },
      {
         "path" : "structures/APITests/create_explosion_basic.mcstructure"
      },
      {
         "path" : "structures/APITests/jukebox.mcstructure"
      },
      {
         "path" : "structures/APITests/pulse_redstone.mcstructure"
      },
      {
         "path" : "structures/APITests/rotate_direction.mcstructure"
      },
      {
         "path" : "structures/APITests/sneaking.mcstructure"
      },
      {
         "path" : "structures/APITests/spawn_item.mcstructure"
      },
      {
         "path" : "structures/RaycastingTests/player_looks_block.mcstructure"
      },
      {
         "path" : "structures/BlockTests/concrete_solidifies_in_deep_water.mcstructure"
      },
      {
         "path" : "structures/SimulatedPlayerTests/blaze_trap.mcstructure"
      },
      {
         "path" : "structures/BlockTests/concrete_solidifies_in_shallow_water.mcstructure"
      },
      {
         "path" : "structures/BlockTests/concrete_solidifies_next_to_water.mcstructure"
      },
      {
         "path" : "structures/WardenTests/warden_path_water.mcstructure"
      },
      {
         "path" : "structures/BlockTests/explosion_drop_location.mcstructure"
      },
      {
         "path" : "structures/DispenserTests/dispenser_water.mcstructure"
      },
      {
         "path" : "structures/DripstoneTests/thickness_update.mcstructure"
      },
      {
         "path" : "structures/BlockTests/falling_sand_template.mcstructure"
      },
      {
         "path" : "structures/BlockTests/put_out_candles.mcstructure"
      },
      {
         "path" : "structures/BlockTests/turtle_eggs_squish.mcstructure"
      },
      {
         "path" : "structures/BlockTests/turtle_eggs_squished_by_mob.mcstructure"
      },
      {
         "path" : "structures/BlockTests/turtle_eggs_survive_item.mcstructure"
      },
      {
         "path" : "structures/BlockTests/waterlogged_slab.mcstructure"
      },
      {
         "path" : "structures/CommandTests/doublecage.mcstructure"
      },
      {
         "path" : "structures/ComponentTests/animal_pen.mcstructure"
      },
      {
         "path" : "structures/RedstoneTests/repeater_regeneration.mcstructure"
      },
      {
         "path" : "structures/ComponentTests/glass_cage.mcstructure"
      },
      {
         "path" : "structures/ComponentTests/health_component.mcstructure"
      },
      {
         "path" : "structures/ComponentTests/large_glass_cage.mcstructure"
      },
      {
         "path" : "structures/ComponentTests/leashable_component.mcstructure"
      },
      {
         "path" : "structures/EnchantmentTests/SpecFrstWlkFreeze.mcstructure"
      },
      {
         "path" : "structures/ComponentTests/platform.mcstructure"
      },
      {
         "path" : "structures/ComponentTests/rideable_component.mcstructure"
      },
      {
         "path" : "structures/SimulatedPlayerTests/destroy_block.mcstructure"
      },
      {
         "path" : "structures/DebugTests/always_succeed.mcstructure"
      },
      {
         "path" : "structures/DispenserTests/dispenser_minecart_track.mcstructure"
      },
      {
         "path" : "structures/DoorTests/close_door_after_passing_through.mcstructure"
      },
      {
         "path" : "structures/MinecartTests/water_slowdown_hopper_cart.mcstructure"
      },
      {
         "path" : "structures/DoorTests/close_door_even_if_near_bed.mcstructure"
      },
      {
         "path" : "structures/FireAvoidTests/dont_walk_into_magma_diagonal.mcstructure"
      },
      {
         "path" : "structures/DoorTests/door_maze_3d.mcstructure"
      },
      {
         "path" : "structures/MultifaceTests/spread_on_flat_floor.mcstructure"
      },
      {
         "path" : "structures/DoorTests/door_maze_crowded.mcstructure"
      },
      {
         "path" : "structures/DoorTests/inverted_door.mcstructure"
      },
      {
         "path" : "structures/MultifaceTests/dont_spread_toward_same_face.mcstructure"
      },
      {
         "path" : "structures/DoorTests/villagers_can_pass_open_iron_door.mcstructure"
      },
      {
         "path" : "structures/MultifaceTests/remove_face_if_support_destroyed.mcstructure"
      },
      {
         "path" : "structures/DripstoneTests/stalactite_hurt.mcstructure"
      },
      {
         "path" : "structures/PistonTests/update_order.mcstructure"
      },
      {
         "path" : "structures/DripstoneTests/stalagmite_break.mcstructure"
      },
      {
         "path" : "structures/DripstoneTests/stalagmite_stalactite_separation.mcstructure"
      },
      {
         "path" : "structures/DuplicationTests/detector_rail.mcstructure"
      },
      {
         "path" : "structures/DuplicationTests/powered_rail_straight.mcstructure"
      },
      {
         "path" : "structures/EnchantmentTests/FrostWalkerFreezesWater.mcstructure"
      },
      {
         "path" : "structures/EntityQueryTests/dimension_entity_query.mcstructure"
      },
      {
         "path" : "structures/EntityTests/items_float_up.mcstructure"
      },
      {
         "path" : "structures/EntityTests/shallow_item_stream.mcstructure"
      },
      {
         "path" : "structures/EntityTests/shallow_item_stream_bedrock.mcstructure"
      },
      {
         "path" : "structures/FireAvoidTests/dont_cut_corner_over_fire_far.mcstructure"
      },
      {
         "path" : "structures/FireAvoidTests/dont_walk_into_magma.mcstructure"
      },
      {
         "path" : "structures/FireAvoidTests/fire_maze.mcstructure"
      },
      {
         "path" : "structures/FireAvoidTests/villager_dont_flee_over_fire.mcstructure"
      },
      {
         "path" : "structures/FireAvoidTests/walk_far_out_of_magma.mcstructure"
      },
      {
         "path" : "structures/SculkTests/charge_decay_sculk_vein.mcstructure"
      },
      {
         "path" : "structures/FireAvoidTests/walk_far_out_of_magma_diagonal.mcstructure"
      },
      {
         "path" : "structures/FireAvoidTests/walk_out_of_magma.mcstructure"
      },
      {
         "path" : "structures/FireAvoidTests/walk_out_of_magma_diagonal.mcstructure"
      },
      {
         "path" : "structures/VibrationTests/event_dispense_fail.mcstructure"
      },
      {
         "path" : "structures/MultifaceTests/spread_around_partly_blocked_corner.mcstructure"
      },
      {
         "path" : "structures/FlyingMachineTests/machine_a.mcstructure"
      },
      {
         "path" : "structures/FlyingMachineTests/machine_h.mcstructure"
      },
      {
         "path" : "structures/FlyingMachineTests/machine_i.mcstructure"
      },
      {
         "path" : "structures/FlyingMachineTests/m_bedrock.mcstructure"
      },
      {
         "path" : "structures/FrogTests/frog_egg_flow_water.mcstructure"
      },
      {
         "path" : "structures/FrogTests/frog_lay_egg.mcstructure"
      },
      {
         "path" : "structures/FrogTests/warm_frog_magmacube_drop_pearlescent.mcstructure"
      },
      {
         "path" : "structures/Generic/flat_5x5x5.mcstructure"
      },
      {
         "path" : "structures/PistonTests/backside_fence.mcstructure"
      },
      {
         "path" : "structures/MinecartTests/detector_rail_piston_bedrock.mcstructure"
      },
      {
         "path" : "structures/MinecartTests/detector_rail_slope.mcstructure"
      },
      {
         "path" : "structures/PistonTests/redstone_bud.mcstructure"
      },
      {
         "path" : "structures/MinecartTests/water_slowdown_chest_cart.mcstructure"
      },
      {
         "path" : "structures/MinecartTests/water_slowdown_commandblock_cart.mcstructure"
      },
      {
         "path" : "structures/MobTests/axolotl_lure.mcstructure"
      },
      {
         "path" : "structures/MultifaceTests/remove_if_has_no_faces.mcstructure"
      },
      {
         "path" : "structures/MobTests/golem_vs_pillager.mcstructure"
      },
      {
         "path" : "structures/MobTests/piglin_should_drop_different_loots.mcstructure"
      },
      {
         "path" : "structures/MobTests/ravager_flowing_water_edge_fall.mcstructure"
      },
      {
         "path" : "structures/SculkTests/spread_path_restricted.mcstructure"
      },
      {
         "path" : "structures/MultifaceTests/spread_from_floor_around_corner.mcstructure"
      },
      {
         "path" : "structures/MultifaceTests/spread_from_water_to_air.mcstructure"
      },
      {
         "path" : "structures/MultifaceTests/spread_up_within_same_corner.mcstructure"
      },
      {
         "path" : "structures/PathFindingTests/bottleneck.mcstructure"
      },
      {
         "path" : "structures/SmallMobTests/fence_post.mcstructure"
      },
      {
         "path" : "structures/PathFindingTests/carpet_walk_around.mcstructure"
      },
      {
         "path" : "structures/PathFindingTests/doorway.mcstructure"
      },
      {
         "path" : "structures/PistonTests/block_leave_bedrock.mcstructure"
      },
      {
         "path" : "structures/PathFindingTests/simple.mcstructure"
      },
      {
         "path" : "structures/PathFindingTests/veritcal_template.mcstructure"
      },
      {
         "path" : "structures/PistonTests/backside.mcstructure"
      },
      {
         "path" : "structures/PistonTests/double_extender.mcstructure"
      },
      {
         "path" : "structures/PistonTests/double_extender_bedrock.mcstructure"
      },
      {
         "path" : "structures/SimulatedPlayerTests/use_item_in_slot_on_block.mcstructure"
      },
      {
         "path" : "structures/PistonTests/honey_block_entity_drag_sideways.mcstructure"
      },
      {
         "path" : "structures/PistonTests/monostable_bedrock.mcstructure"
      },
      {
         "path" : "structures/PistonTests/quasiconnectivity_bedrock.mcstructure"
      },
      {
         "path" : "structures/PistonTests/random_tick_forcer.mcstructure"
      },
      {
         "path" : "structures/SculkTests/charge_redirection.mcstructure"
      },
      {
         "path" : "structures/PistonTests/random_tick_forcer_bedrock.mcstructure"
      },
      {
         "path" : "structures/PistonTests/redstone_matrix.mcstructure"
      },
      {
         "path" : "structures/PistonTests/redstone_simple_vertical_bud.mcstructure"
      },
      {
         "path" : "structures/PistonTests/triple_extender.mcstructure"
      },
      {
         "path" : "structures/PistonTests/triple_extender_bedrock.mcstructure"
      },
      {
         "path" : "structures/PistonTests/update_order_bedrock.mcstructure"
      },
      {
         "path" : "structures/SimulatedPlayerTests/stop_moving.mcstructure"
      },
      {
         "path" : "structures/PlaceSeedsTests/place_seed_on_farmland.mcstructure"
      },
      {
         "path" : "structures/RedstoneTests/dust_loop_depowering.mcstructure"
      },
      {
         "path" : "structures/RedstoneTests/dust_propagation.mcstructure"
      },
      {
         "path" : "structures/RedstoneTests/dust_propagation_bedrock.mcstructure"
      },
      {
         "path" : "structures/RedstoneTests/itemframe_override.mcstructure"
      },
      {
         "path" : "structures/RedstoneTests/itemframe_override_bedrock.mcstructure"
      },
      {
         "path" : "structures/RedstoneTests/lever_power.mcstructure"
      },
      {
         "path" : "structures/RedstoneTests/observer_clock.mcstructure"
      },
      {
         "path" : "structures/RedstoneTests/repeater_clock.mcstructure"
      },
      {
         "path" : "structures/RedstoneTests/repeater_delay.mcstructure"
      },
      {
         "path" : "structures/RedstoneTests/repeater_delay_bedrock.mcstructure"
      },
      {
         "path" : "structures/RedstoneTests/repeater_lock.mcstructure"
      },
      {
         "path" : "structures/RedstoneTests/rs_latch.mcstructure"
      },
      {
         "path" : "structures/VibrationTests/activation_multiple_vibrations.mcstructure"
      },
      {
         "path" : "structures/RedstoneTests/torch_monostable.mcstructure"
      },
      {
         "path" : "structures/RedstoneTests/torch_monostable_bedrock.mcstructure"
      },
      {
         "path" : "structures/RedstoneTests/torch_nand.mcstructure"
      },
      {
         "path" : "structures/RedstoneTests/torch_nor.mcstructure"
      },
      {
         "path" : "structures/VibrationTests/event_swim_boat.mcstructure"
      },
      {
         "path" : "structures/RedstoneTests/wireredirect_nonconductor.mcstructure"
      },
      {
         "path" : "structures/RedstoneTests/wireredirect_nonconductor_bedrock.mcstructure"
      },
      {
         "path" : "structures/RedstoneTests/wire_redirect.mcstructure"
      },
      {
         "path" : "structures/RedstoneTests/wire_redirect_bedrock.mcstructure"
      },
      {
         "path" : "structures/RespawnAnchorTests/inwater_explosion_not_destructive.mcstructure"
      },
      {
         "path" : "structures/RespawnAnchorTests/onland_explosion_destructive.mcstructure"
      },
      {
         "path" : "structures/RespawnAnchorTests/waterlogged_neighbour_explosion.mcstructure"
      },
      {
         "path" : "structures/SculkTests/catalyst_no_xp_death.mcstructure"
      },
      {
         "path" : "structures/SculkTests/charge_cap.mcstructure"
      },
      {
         "path" : "structures/SculkTests/charge_in_air_jump.mcstructure"
      },
      {
         "path" : "structures/SculkTests/multiple_catalysts_one_death.mcstructure"
      },
      {
         "path" : "structures/SculkTests/spread_from_moving_blocks.mcstructure"
      },
      {
         "path" : "structures/SculkTests/spread_on_player_death.mcstructure"
      },
      {
         "path" : "structures/SculkTests/spread_stairway_down.mcstructure"
      },
      {
         "path" : "structures/SculkTests/spread_stairway_up.mcstructure"
      },
      {
         "path" : "structures/VibrationTests/activation_cooldown.mcstructure"
      },
      {
         "path" : "structures/SculkTests/spread_under_water.mcstructure"
      },
      {
         "path" : "structures/SculkTests/spread_uneven.mcstructure"
      },
      {
         "path" : "structures/SculkTests/spread_uneven_overcharged.mcstructure"
      },
      {
         "path" : "structures/SculkTests/vein_consume_blocks.mcstructure"
      },
      {
         "path" : "structures/SculkTests/vein_non_spread_blocks.mcstructure"
      },
      {
         "path" : "structures/SculkTests/vein_non_spread_catalyst.mcstructure"
      },
      {
         "path" : "structures/SculkTests/vein_non_spread_fire.mcstructure"
      },
      {
         "path" : "structures/SculkTests/vein_spread_blocks_replaceable.mcstructure"
      },
      {
         "path" : "structures/SimulatedPlayerTests/jump.mcstructure"
      },
      {
         "path" : "structures/SimulatedPlayerTests/move_in_minecart.mcstructure"
      },
      {
         "path" : "structures/SimulatedPlayerTests/sneaking.mcstructure"
      },
      {
         "path" : "structures/SimulatedPlayerTests/target_practice.mcstructure"
      },
      {
         "path" : "structures/VibrationTests/event_swim_still.mcstructure"
      },
      {
         "path" : "structures/SimulatedPlayerTests/use_item_on_block.mcstructure"
      },
      {
         "path" : "structures/SmallMobTests/fence_side.mcstructure"
      },
      {
         "path" : "structures/VibrationTests/activation_delay.mcstructure"
      },
      {
         "path" : "structures/VibrationTests/activation_duration.mcstructure"
      },
      {
         "path" : "structures/VibrationTests/activation_wool_occlusion_no_bias.mcstructure"
      },
      {
         "path" : "structures/VibrationTests/event_container_open.mcstructure"
      },
      {
         "path" : "structures/VibrationTests/event_entity_damage.mcstructure"
      },
      {
         "path" : "structures/VibrationTests/event_entity_move.mcstructure"
      },
      {
         "path" : "structures/VibrationTests/event_entity_move_powder_snow.mcstructure"
      },
      {
         "path" : "structures/VibrationTests/event_entity_move_scaffolding.mcstructure"
      },
      {
         "path" : "structures/VibrationTests/event_entity_move_sneaking_on_sensor.mcstructure"
      },
      {
         "path" : "structures/VibrationTests/event_entity_move_wool.mcstructure"
      },
      {
         "path" : "structures/VibrationTests/event_entity_place.mcstructure"
      },
      {
         "path" : "structures/VibrationTests/event_flap_bee.mcstructure"
      },
      {
         "path" : "structures/VibrationTests/event_flap_chicken.mcstructure"
      },
      {
         "path" : "structures/VibrationTests/event_fluid_pickup.mcstructure"
      },
      {
         "path" : "structures/VibrationTests/event_fluid_place.mcstructure"
      },
      {
         "path" : "structures/VibrationTests/event_hit_ground.mcstructure"
      },
      {
         "path" : "structures/VibrationTests/event_hit_ground_dampening.mcstructure"
      },
      {
         "path" : "structures/VibrationTests/event_lightning_strike.mcstructure"
      },
      {
         "path" : "structures/VibrationTests/event_piston_contract.mcstructure"
      },
      {
         "path" : "structures/VibrationTests/event_piston_extend.mcstructure"
      },
      {
         "path" : "structures/VibrationTests/event_projectile_land.mcstructure"
      },
      {
         "path" : "structures/VibrationTests/event_sculk_touch_wool.mcstructure"
      },
      {
         "path" : "structures/VibrationTests/event_splash_boat_on_bubble_column.mcstructure"
      },
      {
         "path" : "structures/VibrationTests/event_swim.mcstructure"
      },
      {
         "path" : "structures/VibrationTests/event_swim_boat_still.mcstructure"
      },
      {
         "path" : "structures/WardenTests/warden_go_to_projectile.mcstructure"
      },
      {
         "path" : "structures/WardenTests/warden_kill_moving_entity.mcstructure"
      },
      {
         "path" : "structures/WardenTests/warden_path_lava.mcstructure"
      },
      {
         "path" : "structures/WaterPathfindingTests/axolotl_lava_walkaround.mcstructure"
      },
      {
         "path" : "structures/WaterPathfindingTests/fish_corner_swimaround.mcstructure"
      },
      {
         "path" : "tsconfig.json"
      }
   ],
   "version" : 1
}
