{
	"format_version": "1.20.50",
	"minecraft:item": {
		"description": {
			"identifier": "andexdb:non_chargeable_item_1"
		},
		"components": {
			"minecraft:hand_equipped": true,
			"minecraft:stacked_by_data": true,
			"minecraft:max_stack_size": 1,
			"minecraft:icon": {
				"texture": "stick"
			},
			"minecraft:interact_button": true, /*
			"minecraft:render_offsets": {
				"main_hand": {
					"first_person": {*//*
						"scale": [1.075, 0.125, 1.075]*//*
						"rotation": [90, 0, 0]
					},
					"third_person": {*//*
						"scale": [0.15, 0.25, 0.15],*//*
						"rotation": [60, 0, 60],
						"position": [-2.5, 2.5, 0.5]
					}
				},
				"off_hand": {
					"first_person": {*//*
						"scale": [1.075, 0.125, 1.075]*//*
						"rotation": [90, 0, 0]
					},
					"third_person": {*//*
						"scale": [1.075, 1.125, -1.075]*//*
						"rotation": [90, 0, 0]
					}
				}
			},*/
			"minecraft:display_name": {
				"value": "Non-Chargeable Item 1"
			},/*
			"minecraft:use_duration": 0.0, *//*
			"minecraft:liquid_clipped": true, *//*
			"minecraft:use_animation": "none", *//*
			"minecraft:weapon":{
			},*/
                    	"minecraft:allow_off_hand": true,
                    	"minecraft:enchantable": {
		                "slot": "all", // Can be any of the enchant slot listed below
		                "value": 10
	                }
		}
	}
}