{
	"format_version": "1.16.100",
	"minecraft:item": {
		"description": {
			"identifier": "andexdb:smithing_table_enchanted_book",
			"category": "Items"
		},
		"components": {
			"minecraft:hand_equipped": false,
			"minecraft:stacked_by_data": true,
			"minecraft:max_stack_size": 64,
			"minecraft:icon": {
				"texture": "book_enchanted"
			},
			"minecraft:display_name": {
				"value": "Smithing Table Enchanted Book"
			},
			"minecraft:durability": {
			  "max_durability": 32767,
			  "damage_chance": {
				"min": 0,
				"max": 0
			  }
			},
			"tag:minecraft:transformable_items": {},
            "minecraft:creative_category": {
		        "parent": "itemGroup.name.enchantedBook"
	        },
            "minecraft:allow_off_hand": true,
			"minecraft:hover_text_color": "yellow", 
            "minecraft:enchantable": {
				"slot": "all",
		        "value": 214748364
	        }
		}
	}
}