{
    "format_version": "1.10.0",
    "particle_effect": {
      "description": {
        "identifier": "andexdb:green_cube",
        "basic_render_parameters": {
          "material": "particles_alpha",
          "texture": "textures/ui/control_white"
        }
      },
      "components": {
        "minecraft:emitter_rate_instant": {
          "num_particles": 6
        },
        "minecraft:emitter_lifetime_once": {
          "active_time": 0
        },
        "minecraft:emitter_shape_box": {
          "surface_only": true,
          "direction": "outwards",
          "half_dimensions": [ 0.5, 0.5, 0.5 ]
        },
        "minecraft:particle_initial_speed": 0/*"Math.random(0, 4) * variable.velocity_scalar"*/,
        "minecraft:particle_lifetime_expression": {
          "max_lifetime": 10/*"0.2f / (Math.random(0.0, 1.0) * 0.9f + 0.1f)"*/
        },
        "minecraft:particle_appearance_billboard": {
          "size": [ 0.2, 0.2 ],
          "facing_camera_mode": "direction_z"
        },
        "minecraft:particle_appearance_tinting": {
          "color": [ 0, 1, 0, 1 ]
        }
      }
    }
  }
  