{
  "format_version": "1.20.0",
  "minecraft:entity": {
    "description": {
      "identifier": "andexdb:tickingarea",
      "is_spawnable": true,
      "is_summonable": true,
      "is_experimental": false,
      "properties":{
        "andexdb:tick_radius":{
          "type": "int", /*
          "values":{
            "min":-100,
            "max":100
          },*/
          "range": [0, 6], 
          "default":2,
          "client_sync": true
        }
      },
      "aliases": {
        "andexdb:tickingarea_0": {
          "andexdb:tick_radius": 0
        },
        "andexdb:tickingarea_2": {
          "andexdb:tick_radius": 2
        },
        "andexdb:tickingarea_3": {
          "andexdb:tick_radius": 3
        },
        "andexdb:tickingarea_4": {
          "andexdb:tick_radius": 4
        },
        "andexdb:tickingarea_5": {
          "andexdb:tick_radius": 5
        },
        "andexdb:tickingarea_6": {
          "andexdb:tick_radius": 6
        }
      }
    },
    "permutations":[
      {
        "condition":"q.property('andexdb:tick_radius') == 0",
        "components":{
          "minecraft:type_family": {
            "family": [ "tickingarea", "tickingarea_0" ]
          }
        }
      },
      {
        "condition":"q.property('andexdb:tick_radius') == 2",
        "components":{
          "minecraft:tick_world":{
            "distance_to_players": 128,
            "never_despawn": true,
            "radius": 2
          },
          "minecraft:type_family": {
            "family": [ "tickingarea", "tickingarea_2" ]
          }
        }
      },
      {
        "condition":"q.property('andexdb:tick_radius') == 3",
        "components":{
          "minecraft:tick_world":{
            "distance_to_players": 128,
            "never_despawn": true,
            "radius": 3
          },
          "minecraft:type_family": {
            "family": [ "tickingarea", "tickingarea_3" ]
          }
        }
      },
      {
        "condition":"q.property('andexdb:tick_radius') == 4",
        "components":{
          "minecraft:tick_world":{
            "distance_to_players": 128,
            "never_despawn": true,
            "radius": 4
          },
          "minecraft:type_family": {
            "family": [ "tickingarea", "tickingarea_4" ]
          }
        }
      },
      {
        "condition":"q.property('andexdb:tick_radius') == 5",
        "components":{
          "minecraft:tick_world":{
            "distance_to_players": 128,
            "never_despawn": true,
            "radius": 5
          },
          "minecraft:type_family": {
            "family": [ "tickingarea", "tickingarea_5" ]
          }
        }
      },
      {
        "condition":"q.property('andexdb:tick_radius') == 6",
        "components":{
          "minecraft:tick_world":{
            "distance_to_players": 128,
            "never_despawn": true,
            "radius": 6
          },
          "minecraft:type_family": {
            "family": [ "tickingarea", "tickingarea_6" ]
          }
        }
      }
    ],
    
    "components": {
      "minecraft:collision_box": {
        "width": 0,
        "height": 0
      },
      "minecraft:damage_sensor": {
        "triggers": [
          {
            "cause": "all",
            "deals_damage": false
          }
        ]
      },
      "minecraft:fire_immune":{
      },
      "minecraft:pushable":{
          "is_pushable": false,
          "is_pushable_by_piston": false
      },
      "minecraft:persistent":{
      },
      "minecraft:physics":{
          "has_collision": false,
          "has_gravity": false
      },
      "minecraft:is_hidden_when_invisible": {
      },
      "minecraft:nameable": {
        "allow_name_tag_renaming": false,
        "always_show": false
      }
    },

    "events": {
      "andexdb:tickingarea_0": {
        "set_property":{
          "andexdb:tickingarea": 0
        }
      },
      "andexdb:tickingarea_1": {
        "set_property":{
          "andexdb:tickingarea": 1
        }
      },
      "andexdb:tickingarea_2": {
        "set_property":{
          "andexdb:tickingarea": 2
        }
      },
      "andexdb:tickingarea_3": {
        "set_property":{
          "andexdb:tickingarea": 3
        }
      },
      "andexdb:tickingarea_4": {
        "set_property":{
          "andexdb:tickingarea": 4
        }
      },
      "andexdb:tickingarea_5": {
        "set_property":{
          "andexdb:tickingarea": 5
        }
      },
      "andexdb:tickingarea_6": {
        "set_property":{
          "andexdb:tickingarea": 6
        }
      }
    }
  }
}
